City_ID,City,Country,Lat,Lng,Max Temp,Humidity,Cloudiness,Wind Speed,Current Description
0,Sangar,RU,63.9242,127.4739,37.98,66,76,13.13,broken clouds
1,Teya,RU,60.3778,92.6267,45.63,94,100,12.84,light rain
2,Esperance,AU,-33.8667,121.9,58.84,71,23,13.67,moderate rain
3,Cockburn Town,TC,21.4612,-71.1419,82.56,78,51,19.04,broken clouds
4,Rikitea,PF,-23.1203,-134.9692,72.21,79,26,18.99,scattered clouds
5,Avarua,CK,-21.2078,-159.775,73.45,88,75,4.61,broken clouds
6,Sitka,US,57.0531,-135.33,53.49,76,75,6.91,broken clouds
7,Ilinskiy,RU,55.619,38.1182,54.72,76,75,20.13,broken clouds
8,Arman,RU,59.7,150.1667,55.02,48,100,12.17,overcast clouds
9,Kapaa,US,22.0752,-159.319,82.38,82,100,11.5,overcast clouds
10,Hithadhoo,MV,-0.6,73.0833,82.35,73,99,9.01,overcast clouds
11,Punta Arenas,CL,-53.15,-70.9167,37.51,81,0,5.75,clear sky
12,Yellowknife,CA,62.456,-114.3525,48.72,87,75,3.44,light rain
13,Arraial Do Cabo,BR,-22.9661,-42.0278,64.33,78,3,1.9,clear sky
14,Snezhnogorsk,RU,69.1933,33.2531,47.98,98,100,10.78,overcast clouds
15,Hobart,AU,-42.8794,147.3294,60.06,50,40,11.5,scattered clouds
16,Shenjiamen,CN,29.9576,122.298,76.1,65,0,24.99,clear sky
17,Chokurdakh,RU,70.6333,147.9167,43.25,47,82,13.49,broken clouds
18,Georgetown,MY,5.4112,100.3354,87.75,66,20,8.05,few clouds
19,Albany,US,42.6001,-73.9662,66.38,94,93,1.66,overcast clouds
20,Mataura,NZ,-46.1927,168.8643,56.46,65,78,4.94,broken clouds
21,Chuy,UY,-33.6971,-53.4616,57.27,92,100,7.43,overcast clouds
22,Toowoomba,AU,-27.55,151.9667,74.25,32,0,1.99,clear sky
23,Hami,CN,42.8,93.45,82.06,9,14,4.88,few clouds
24,Ushuaia,AR,-54.8,-68.3,33.46,75,0,3.44,clear sky
25,Nikolskoye,RU,59.7035,30.7861,51.78,83,99,8.23,overcast clouds
26,Hermanus,ZA,-34.4187,19.2345,48.79,64,95,4.61,overcast clouds
27,Hasaki,JP,35.7333,140.8333,88.29,84,83,22.26,broken clouds
28,Kodiak,US,57.79,-152.4072,58.51,77,75,9.22,broken clouds
29,Ancud,CL,-41.8697,-73.8203,42.22,89,68,4.54,broken clouds
30,Bethel,US,41.3712,-73.414,73.76,79,40,3.44,scattered clouds
31,Bluff,NZ,-46.6,168.3333,52.36,81,78,1.36,broken clouds
32,Kloulklubed,PW,7.0419,134.2556,82.0,73,100,4.61,overcast clouds
33,San Patricio,US,28.017,-97.5169,84.09,76,0,7.87,clear sky
34,Mnogovershinnyy,RU,53.9353,139.9242,39.6,93,79,9.89,broken clouds
35,Viedma,AR,-40.8135,-62.9967,48.06,98,100,13.87,moderate rain
36,Yerbogachen,RU,61.2767,108.0108,43.32,95,100,7.87,overcast clouds
37,Shamary,RU,57.3434,58.2199,63.63,78,99,9.98,overcast clouds
38,Saldanha,ZA,-33.0117,17.9442,48.25,64,3,18.63,clear sky
39,Warrnambool,AU,-38.3833,142.4833,54.55,77,47,10.92,scattered clouds
40,Pevek,RU,69.7008,170.3133,32.16,94,100,16.13,overcast clouds
41,New Norfolk,AU,-42.7826,147.0587,59.72,52,70,4.0,broken clouds
42,Wloclawek,PL,52.6482,19.0678,45.52,89,100,10.16,overcast clouds
43,Hai Duong,VN,20.9333,106.3167,91.4,53,56,2.59,broken clouds
44,Boyuibe,BO,-20.4167,-63.2833,70.43,67,98,4.14,overcast clouds
45,East London,ZA,-33.0153,27.9116,56.34,94,0,6.91,clear sky
46,Tuktoyaktuk,CA,69.4541,-133.0374,44.6,81,75,10.36,broken clouds
47,Port Hedland,AU,-20.3167,118.5667,82.45,44,3,20.71,clear sky
48,Kaitangata,NZ,-46.2817,169.8464,55.06,77,94,3.09,overcast clouds
49,Saint-Philippe,RE,-21.3585,55.7679,72.99,77,53,13.85,light rain
50,Chepareria,KE,1.3077,35.2039,68.92,61,31,1.19,scattered clouds
51,Ondjiva,AO,-17.0667,15.7333,62.06,25,0,5.53,clear sky
52,Los Llanos De Aridane,ES,28.6585,-17.9182,67.75,84,0,8.01,clear sky
53,Mareeba,AU,-17.0,145.4333,87.44,59,22,11.03,few clouds
54,Tweed,CA,44.4751,-77.3162,67.19,99,70,6.51,broken clouds
55,Leningradskiy,RU,69.3833,178.4167,32.9,97,100,21.45,light snow
56,Bambous Virieux,MU,-20.3428,57.7575,75.22,73,75,17.27,light rain
57,Luderitz,NA,-26.6481,15.1594,53.91,76,37,12.46,scattered clouds
58,Jadu,LY,31.953,12.0261,74.12,31,2,5.61,clear sky
59,Manggar,ID,-2.8833,108.2667,80.98,76,100,7.99,light rain
60,Saint George,US,37.1041,-113.5841,78.94,29,0,8.05,clear sky
61,Hobyo,SO,5.3505,48.5268,81.59,72,67,21.14,broken clouds
62,Butaritari,KI,3.0707,172.7902,82.44,71,10,16.4,clear sky
63,Okhotsk,RU,59.3833,143.3,45.0,87,100,33.73,moderate rain
64,Puerto Ayora,EC,-0.7393,-90.3518,67.55,89,25,3.0,scattered clouds
65,Port Elizabeth,ZA,-33.918,25.5701,57.49,96,20,11.5,light rain
66,Bredasdorp,ZA,-34.5322,20.0403,52.3,75,94,2.64,overcast clouds
67,Castro,BR,-24.7911,-50.0119,48.49,94,42,7.54,scattered clouds
68,Cabo San Lucas,MX,22.8909,-109.9124,84.51,78,100,8.68,overcast clouds
69,Baykit,RU,61.67,96.37,46.0,94,100,7.76,light rain
70,Tasiilaq,GL,65.6145,-37.6368,39.02,98,100,4.18,light rain
71,Saint-Joseph,RE,-21.3667,55.6167,71.98,72,31,12.75,scattered clouds
72,Codrington,AU,-38.2667,141.9667,55.35,79,76,10.16,broken clouds
73,Hilo,US,19.7297,-155.09,78.28,96,100,4.61,light rain
74,Sun Valley,US,39.5963,-119.776,59.68,51,75,10.36,broken clouds
75,Nizhniy Kuranakh,RU,58.8353,125.4869,40.59,42,100,9.37,overcast clouds
76,Klaksvik,FO,62.2266,-6.589,47.32,74,32,14.7,scattered clouds
77,Hay River,CA,60.8156,-115.7999,53.58,87,75,6.91,broken clouds
78,Havoysund,NO,70.9963,24.6622,44.83,80,100,18.5,overcast clouds
79,Thompson,CA,55.7435,-97.8558,53.76,100,100,2.3,mist
80,Honningsvag,NO,70.9821,25.9704,44.35,87,100,23.02,overcast clouds
81,Artyom,AZ,40.4723,50.333,79.54,56,0,12.82,clear sky
82,Bengkulu,ID,-3.8004,102.2655,81.61,73,100,6.87,moderate rain
83,Atuona,PF,-9.8,-139.0333,77.13,71,14,21.77,few clouds
84,Conceicao Da Barra,BR,-18.5933,-39.7322,67.39,74,94,4.76,overcast clouds
85,Richards Bay,ZA,-28.783,32.0377,68.13,84,95,10.71,overcast clouds
86,Khatanga,RU,71.9667,102.5,36.1,49,46,13.51,scattered clouds
87,Port Alfred,ZA,-33.5906,26.891,55.18,93,100,4.0,overcast clouds
88,Jamestown,US,42.097,-79.2353,69.71,62,0,9.22,clear sky
89,Airai,TL,-8.9266,125.4092,74.37,53,87,1.43,overcast clouds
90,Te Anau,NZ,-45.4167,167.7167,50.11,86,48,4.99,moderate rain
91,Busselton,AU,-33.65,115.3333,57.63,63,75,20.09,broken clouds
92,Sao Filipe,CV,14.8961,-24.4956,77.49,76,48,7.07,scattered clouds
93,Pincher Creek,CA,49.4833,-113.952,49.87,71,100,9.22,overcast clouds
94,Touros,BR,-5.1989,-35.4608,75.47,79,11,14.38,few clouds
95,Mar Del Plata,AR,-38.0023,-57.5575,57.09,93,100,18.01,overcast clouds
96,Vaini,TO,-21.2,-175.2,75.36,78,40,10.36,scattered clouds
97,Komsomolskiy,UZ,40.4272,71.7189,79.52,25,0,4.61,clear sky
98,Fortuna,US,40.5982,-124.1573,58.66,89,99,4.74,overcast clouds
99,La Ronge,CA,55.1001,-105.2842,50.22,87,20,6.91,few clouds
100,Rio Bueno,CL,-40.3167,-72.9667,31.1,99,11,1.54,few clouds
101,Botwood,CA,49.1499,-55.3482,47.89,75,99,10.18,overcast clouds
102,Luanda,AO,-8.8368,13.2343,70.79,88,73,7.87,broken clouds
103,Kutahya,TR,39.4242,29.9833,60.67,71,53,6.13,broken clouds
104,Thunder Bay,CA,48.4001,-89.3168,53.51,100,40,4.61,scattered clouds
105,Vilhena,BR,-12.7406,-60.1458,72.81,73,31,4.5,scattered clouds
106,Cidreira,BR,-30.1811,-50.2056,61.25,79,100,17.16,light rain
107,Prince Rupert,CA,54.3161,-130.3201,58.69,78,0,12.66,clear sky
108,Fare,PF,-16.7,-151.0167,77.81,76,12,18.43,light rain
109,Bac Lieu,VN,9.285,105.7244,87.37,60,49,17.52,scattered clouds
110,Nisia Floresta,BR,-6.0911,-35.2086,77.38,89,9,7.92,clear sky
111,Mao,ES,39.8885,4.2658,68.56,68,0,9.22,clear sky
112,Ambilobe,MG,-13.2,49.05,85.1,31,14,9.04,few clouds
113,Namibe,AO,-15.1961,12.1522,62.11,82,83,6.15,broken clouds
114,La Trinite,MQ,14.7376,-60.9629,78.85,94,75,0.0,broken clouds
115,Longyearbyen,SJ,78.2186,15.6401,24.64,86,40,12.66,scattered clouds
116,Namwala,ZM,-15.7504,26.4384,76.59,27,33,3.71,scattered clouds
117,Vilyuysk,RU,63.7553,121.6247,41.23,43,55,5.1,broken clouds
118,Vanavara,RU,60.34,102.2797,47.86,85,100,6.2,overcast clouds
119,Mpulungu,ZM,-8.7623,31.1141,80.55,46,89,3.91,overcast clouds
120,Lebu,CL,-37.6167,-73.65,41.59,83,1,4.88,clear sky
121,Natal,BR,-5.795,-35.2094,77.22,88,20,4.61,few clouds
122,Palmas Del Socorro,CO,6.4067,-73.2869,63.46,98,99,0.43,overcast clouds
123,Polunochnoye,RU,60.8697,60.4153,53.37,73,100,3.38,overcast clouds
124,Mahebourg,MU,-20.4081,57.7,75.25,73,75,17.27,broken clouds
125,Manokwari,ID,-0.8667,134.0833,82.9,71,90,6.11,overcast clouds
126,Ribeira Grande,PT,38.5167,-28.7,73.63,87,9,3.49,clear sky
127,Kibondo,TZ,-3.5864,30.7203,71.24,59,92,2.15,overcast clouds
128,Barrow,US,71.2906,-156.7887,41.02,87,100,8.05,overcast clouds
129,Constantine,DZ,36.365,6.6147,65.61,82,0,2.3,clear sky
130,Bambanglipuro,ID,-7.95,110.2833,81.77,71,89,13.24,overcast clouds
131,Mount Gambier,AU,-37.8333,140.7667,53.51,87,40,6.91,scattered clouds
132,Dikson,RU,73.5069,80.5464,33.82,66,70,16.53,broken clouds
133,Ranfurly,NZ,-45.1333,170.1,51.01,73,63,6.11,broken clouds
134,Severo-Kurilsk,RU,50.6789,156.125,52.63,97,100,19.01,light rain
135,Vao,NC,-22.6667,167.4833,73.09,76,0,13.76,clear sky
136,Slantsy,RU,59.1182,28.0914,49.37,85,100,6.02,overcast clouds
137,Camacha,PT,33.0833,-16.3333,65.62,88,75,2.3,broken clouds
138,Singaraja,ID,-8.112,115.0882,82.92,68,13,1.66,few clouds
139,Ketchikan,US,55.3422,-131.6461,55.87,71,0,6.91,clear sky
140,Springfield,US,37.2153,-93.2982,77.85,82,0,11.5,clear sky
141,Tarko-Sale,RU,64.9225,77.785,47.01,89,100,12.97,overcast clouds
142,Concepcion Del Uruguay,AR,-32.4825,-58.2372,55.98,99,49,1.01,scattered clouds
143,Puerto Narino,CO,-3.7703,-70.3831,77.76,71,100,2.19,light rain
144,Qaanaaq,GL,77.484,-69.3632,21.58,52,57,8.99,broken clouds
145,Hammerfest,NO,70.6634,23.6821,43.25,100,75,17.27,broken clouds
146,Norman Wells,CA,65.282,-126.8329,39.24,93,75,2.3,broken clouds
147,Mahenge,TZ,-8.6833,36.7167,65.28,73,81,5.88,broken clouds
148,Makaryev,RU,57.8797,43.8069,60.78,95,100,10.85,overcast clouds
149,Mwanza,TZ,-2.5167,32.9,69.85,88,40,0.0,scattered clouds
150,Bin Qirdan,TN,33.1378,11.2197,78.55,80,68,6.38,broken clouds
151,Tsabong,BW,-26.0217,22.401,53.2,48,84,22.15,broken clouds
152,Carnarvon,AU,-24.8667,113.6333,66.29,50,50,28.66,scattered clouds
153,Ust-Maya,RU,60.4167,134.5333,33.51,92,100,11.27,light snow
154,Porbandar,IN,21.6422,69.6093,82.38,83,40,9.22,scattered clouds
155,Saskylakh,RU,71.9167,114.0833,35.4,79,100,10.25,overcast clouds
156,Urengoy,RU,65.9667,78.3667,48.92,91,100,4.72,overcast clouds
157,Clearlake,US,38.9582,-122.6264,57.58,69,100,3.47,overcast clouds
158,Valparaiso,CL,-33.0393,-71.6273,47.07,80,0,10.92,clear sky
159,Kruisfontein,ZA,-34.0033,24.7314,53.89,81,100,15.43,light rain
160,General Roca,AR,-39.0333,-67.5833,41.63,63,77,6.69,broken clouds
161,Batticaloa,LK,7.7102,81.6924,85.77,64,99,4.63,overcast clouds
162,Qaqortoq,GL,60.7167,-46.0333,47.03,66,96,6.89,overcast clouds
163,Miskindzha,RU,41.424,47.8467,83.16,25,0,2.44,clear sky
164,Lata,PT,40.1629,-8.3327,66.07,76,99,4.07,overcast clouds
165,Nangwa,TZ,-4.4667,35.45,62.1,66,48,9.51,scattered clouds
166,Mehamn,NO,71.0357,27.8492,44.55,87,75,18.41,light rain
167,Praia,CV,14.9215,-23.5087,77.54,83,20,12.66,few clouds
168,Siocon,PH,7.7061,122.1353,87.69,62,78,6.35,broken clouds
169,Manaure,CO,11.7751,-72.4445,81.43,78,53,7.67,broken clouds
170,Kirakira,SB,-10.4544,161.9205,81.12,83,100,10.27,light rain
171,Upernavik,GL,72.7868,-56.1549,34.38,73,100,2.98,overcast clouds
172,Sri Aman,MY,1.2376,111.4621,80.65,89,20,3.44,few clouds
173,Saint Anthony,US,45.0205,-93.218,60.22,93,100,0.0,fog
174,Fairbanks,US,64.8378,-147.7164,48.31,77,20,3.44,few clouds
175,Jixi,CN,45.3,130.9667,57.07,47,6,17.65,clear sky
176,Pisco,PE,-13.7,-76.2167,62.65,82,100,4.61,mist
177,Aykhal,RU,66.0,111.5,33.31,99,100,5.17,light snow
178,Comodoro Rivadavia,AR,-45.8667,-67.5,40.86,93,100,4.61,light rain
179,Namatanai,PG,-3.6667,152.4333,82.81,71,81,7.99,light rain
180,Vostok,RU,46.4856,135.8833,45.19,82,94,9.24,overcast clouds
181,Souillac,MU,-20.5167,57.5167,73.78,73,75,17.27,broken clouds
182,Lavrentiya,RU,65.5833,-171.0,38.34,84,100,8.75,overcast clouds
183,Labuhan,ID,-6.8844,112.2051,90.68,49,41,10.04,scattered clouds
184,Tevriz,RU,57.509,72.4042,64.24,52,100,5.66,overcast clouds
185,Nynashamn,SE,58.9034,17.9479,51.12,83,98,19.93,overcast clouds
186,Yabrud,SY,33.9674,36.6574,73.81,27,0,4.03,clear sky
187,Poli,TZ,-3.3333,36.8,55.67,71,90,5.01,overcast clouds
188,Marsaxlokk,MT,35.8419,14.5431,73.08,73,20,2.3,few clouds
189,Lompoc,US,34.6391,-120.4579,66.52,79,100,11.5,light rain
190,Guiren,CN,33.6697,118.1889,82.99,35,14,16.26,few clouds
191,Port Hardy,CA,50.6996,-127.4199,51.8,93,20,5.75,few clouds
192,Bestobe,KZ,52.4994,73.0975,63.45,26,49,5.48,scattered clouds
193,Dallas,US,32.7668,-96.7836,84.34,68,0,6.91,clear sky
194,Desaguadero,PE,-16.5656,-69.0417,41.07,28,33,4.05,scattered clouds
195,Kaniama,CD,-7.5667,24.1833,71.98,74,98,2.62,overcast clouds
196,Half Moon Bay,US,37.4636,-122.4286,64.31,90,100,13.8,mist
197,Cravo Norte,CO,6.3017,-70.2041,78.58,76,50,1.52,scattered clouds
198,Atambua,ID,-9.1061,124.8925,86.23,47,64,4.32,broken clouds
199,Springbok,ZA,-29.6643,17.8865,42.08,82,77,11.97,broken clouds
200,Marana,US,32.4367,-111.2254,88.14,31,0,0.0,clear sky
201,Kharan,PK,28.5833,65.4167,88.65,33,0,7.11,clear sky
202,Rorvik,NO,64.8621,11.2373,49.98,87,75,10.36,broken clouds
203,Kotido,UG,2.9806,34.1331,74.98,47,21,5.1,few clouds
204,Pangnirtung,CA,66.1451,-65.7125,42.08,68,96,1.1,overcast clouds
205,Orotina,CR,9.912,-84.5234,76.91,92,96,3.02,overcast clouds
206,Male,MV,4.1748,73.5089,87.75,66,75,8.05,broken clouds
207,Benguela,AO,-12.5763,13.4055,70.99,79,25,3.8,scattered clouds
208,Kavaratti,IN,10.5669,72.642,80.69,79,95,12.21,overcast clouds
209,Nanortalik,GL,60.1432,-45.2371,44.92,81,99,10.96,overcast clouds
210,Kologriv,RU,58.8275,44.3178,53.26,97,100,7.99,overcast clouds
211,Yeppoon,AU,-23.1333,150.7333,82.18,90,65,11.99,light rain
212,Claudio,BR,-20.4433,-44.7658,57.45,80,0,3.78,clear sky
213,Banda Aceh,ID,5.5577,95.3222,86.92,61,89,14.97,overcast clouds
214,Wilmington,US,34.2257,-77.9447,77.86,86,0,1.01,clear sky
215,Falam,MM,22.9167,93.6833,73.26,77,50,4.34,scattered clouds
216,San Quintin,MX,30.4833,-115.95,67.26,79,0,11.21,clear sky
217,Coihaique,CL,-45.5752,-72.0662,35.55,100,75,1.14,light rain
218,Itaqui,BR,-29.1253,-56.5531,61.7,91,97,8.7,light rain
219,Nelson Bay,AU,-32.7167,152.15,73.09,42,70,10.0,broken clouds
220,Salalah,OM,17.0151,54.0924,80.69,83,75,5.75,broken clouds
221,Motygino,RU,58.1831,94.7592,53.87,60,99,8.01,overcast clouds
222,Torbay,CA,47.6666,-52.7314,50.58,81,20,17.27,few clouds
223,Huoqiu,CN,32.3394,116.2694,87.91,18,5,14.34,clear sky
224,Krasnoselkup,RU,65.7,82.4667,48.9,91,100,10.51,light rain
225,Korla,CN,41.7597,86.1469,81.14,12,33,4.41,scattered clouds
226,Monte Santo,BR,-10.4378,-39.3328,61.14,97,20,4.36,few clouds
227,Chipinge,ZW,-20.1883,32.6236,76.55,31,0,2.73,clear sky
228,Tautira,PF,-17.7333,-149.15,78.21,70,23,19.91,few clouds
229,Lucapa,AO,-8.4192,20.7447,70.34,79,100,4.29,overcast clouds
230,Chickasha,US,35.0526,-97.9364,80.85,57,0,10.36,clear sky
231,Kaiyuan,CN,23.6977,103.3037,82.89,58,11,2.57,few clouds
232,Kayes,ML,14.0,-11.0,73.29,92,98,2.57,overcast clouds
233,Sibolga,ID,1.7427,98.7792,84.76,59,99,4.56,overcast clouds
234,Zhumadian,CN,32.9794,114.0294,88.02,19,40,13.42,scattered clouds
235,Anadyr,RU,64.75,177.4833,41.5,93,75,4.47,light rain
236,Broken Hill,AU,-31.95,141.4333,67.77,33,1,8.95,clear sky
237,Beloha,MG,-25.1667,45.05,81.32,40,0,6.13,clear sky
238,Tiksi,RU,71.6872,128.8694,37.56,56,62,5.26,broken clouds
239,Mugango,TZ,-1.6833,33.7,75.33,53,91,7.67,overcast clouds
240,Auki,SB,-8.7676,160.7034,78.57,87,100,3.56,overcast clouds
241,Cape Town,ZA,-33.9258,18.4232,55.9,73,40,5.01,scattered clouds
242,Kallithea,GR,37.95,23.7,76.51,55,20,6.91,few clouds
243,Ilulissat,GL,69.2167,-51.1,34.7,99,69,5.61,broken clouds
244,Lincoln,US,40.8,-96.667,72.34,88,0,4.61,clear sky
245,Lop Buri,TH,14.7981,100.654,76.01,90,100,12.01,overcast clouds
246,Russell,US,32.3502,-85.1999,70.83,100,0,0.0,mist
247,Akhmeta,GE,42.0311,45.2075,73.92,37,0,1.68,clear sky
248,Asfi,MA,32.2994,-9.2372,68.68,87,0,2.84,clear sky
249,Margate,GB,51.3813,1.3862,53.69,75,84,5.01,broken clouds
250,Cabra,ES,37.4725,-4.4421,68.18,82,14,1.36,few clouds
251,Belaya Kholunitsa,RU,58.84,50.8528,58.53,92,99,8.81,overcast clouds
252,Sterling,US,39.0062,-77.4286,71.44,82,0,5.01,clear sky
253,Lagos,NG,6.5833,3.75,74.41,93,100,5.57,light rain
254,Lorengau,PG,-2.0226,147.2712,83.68,73,88,7.43,overcast clouds
255,Mustafakemalpasa,TR,40.0353,28.4117,66.94,54,2,8.46,clear sky
256,Cherskiy,RU,68.75,161.3,36.73,55,71,4.99,broken clouds
257,Zharkovskiy,RU,55.849,32.2697,50.68,97,99,6.69,light rain
258,Kawalu,ID,-7.3817,108.2082,80.55,69,82,5.35,broken clouds
259,Hamilton,US,39.1834,-84.5333,72.84,78,0,1.01,clear sky
260,Jawhar,SO,2.7809,45.5005,84.09,60,42,16.17,scattered clouds
261,Ixtapa,MX,20.7,-105.2,80.22,87,100,2.89,overcast clouds
262,Culleredo,ES,43.2879,-8.3886,62.42,85,0,1.99,clear sky
263,Kahului,US,20.8947,-156.47,80.62,72,0,17.27,clear sky
264,Tura,IN,25.5198,90.2201,87.69,65,96,0.51,overcast clouds
265,Cayenne,GF,4.9333,-52.3333,77.04,94,0,1.14,clear sky
266,Kavieng,PG,-2.5744,150.7967,82.71,75,87,9.26,light rain
267,Quatre Cocos,MU,-20.2078,57.7625,75.09,70,15,15.93,light rain
268,Bolton,GB,53.5833,-2.4333,53.2,97,33,1.01,scattered clouds
269,Methoni,GR,36.8197,21.7049,70.21,54,0,12.77,clear sky
270,Ponta Do Sol,PT,32.6667,-17.1,73.0,87,47,5.88,scattered clouds
271,Along,IN,28.1667,94.7667,94.17,50,63,1.83,broken clouds
272,Tigil,RU,57.8,158.6667,51.1,55,94,7.74,overcast clouds
273,Bathsheba,BB,13.2167,-59.5167,83.01,78,40,17.27,scattered clouds
274,Ferry Pass,US,30.5102,-87.2125,77.65,88,3,1.99,clear sky
275,Manzhouli,CN,49.6,117.4333,52.21,14,2,16.75,clear sky
276,Alta Floresta,BR,-9.8756,-56.0861,70.11,95,75,3.51,very heavy rain
277,Les Cayes,HT,18.2,-73.75,78.67,82,7,9.06,clear sky
278,Guilin,CN,25.2819,110.2864,98.71,29,14,8.61,few clouds
279,Saint-Pierre,RE,-21.3393,55.4781,73.08,73,100,23.02,overcast clouds
280,Homun,MX,20.7333,-89.2833,78.94,95,0,3.76,clear sky
281,Plettenberg Bay,ZA,-34.0527,23.3716,55.65,80,100,12.06,light rain
282,Khorol,UA,49.7837,33.2783,50.9,76,82,19.44,broken clouds
283,Abonnema,NG,4.7084,6.7931,75.49,90,99,4.61,light rain
284,Faanui,PF,-16.4833,-151.75,78.49,74,6,17.22,light rain
285,Avera,US,33.194,-82.5271,67.51,77,2,6.44,clear sky
286,Pasni,PK,25.2631,63.471,81.72,75,94,6.4,overcast clouds
287,Henties Bay,NA,-22.116,14.2845,53.42,74,0,15.05,clear sky
288,Chapais,CA,49.7834,-74.8492,40.78,73,47,4.99,scattered clouds
289,Vila Velha,BR,-20.3297,-40.2925,65.95,80,0,4.61,clear sky
290,Modugno,IT,41.0974,16.778,71.28,49,0,8.05,clear sky
291,Samus,RU,56.7475,84.6992,59.32,60,100,9.91,overcast clouds
292,Nome,US,64.5011,-165.4064,44.17,92,98,10.4,light rain
293,Tilichiki,RU,60.4667,166.1,45.63,57,4,6.82,clear sky
294,Sao Joao Da Barra,BR,-21.6403,-41.0511,61.84,84,0,6.04,clear sky
295,Magan,ES,39.9683,-3.931,71.53,59,100,3.38,overcast clouds
296,Palaikastron,GR,35.2,26.25,76.77,60,0,11.86,clear sky
297,Omboue,GA,-1.5746,9.2618,75.94,85,100,8.52,light rain
298,Moindou,NC,-21.6924,165.677,78.67,65,3,4.85,clear sky
299,Victoria,HK,22.2855,114.1577,93.25,75,52,5.01,broken clouds
300,Cabedelo,BR,-6.9811,-34.8339,72.27,81,5,11.48,clear sky
301,Muros,ES,42.7762,-9.0603,61.84,84,70,6.42,broken clouds
302,Nowa Deba,PL,50.4297,21.7508,49.95,89,79,9.84,broken clouds
303,Hirara,JP,24.8,125.2833,84.47,74,75,14.97,broken clouds
304,Pinheiro,BR,-2.5214,-45.0825,71.19,99,80,2.66,broken clouds
305,Sao Sebastiao,BR,-23.76,-45.4097,61.34,86,8,6.35,clear sky
306,Deputatskiy,RU,69.3,139.9,34.75,67,100,5.44,overcast clouds
307,Port Keats,AU,-14.25,129.55,88.3,50,43,12.82,scattered clouds
308,Tabas,IR,33.5959,56.9244,88.79,15,0,2.57,clear sky
309,Valmiera,LV,57.5411,25.4275,49.15,90,100,6.29,overcast clouds
310,Strezhevoy,RU,60.7333,77.5889,58.42,63,37,18.45,scattered clouds
311,Linxia,CN,35.6003,103.2064,52.11,90,100,3.22,overcast clouds
312,Rzhev,RU,56.2624,34.3282,50.13,92,83,13.44,broken clouds
313,Monte Carmelo,BR,-18.7247,-47.4986,66.6,69,45,5.46,scattered clouds
314,Umm Lajj,SA,25.0213,37.2685,85.89,42,3,13.29,clear sky
315,Khowai,IN,24.1,91.6333,87.58,66,74,2.33,broken clouds
316,Geraldton,AU,-28.7667,114.6,63.01,63,75,24.16,broken clouds
317,Mazyr,BY,52.0495,29.2456,48.6,93,100,18.41,overcast clouds
318,Llanes,ES,43.4198,-4.7549,64.69,63,83,4.94,broken clouds
319,Nyaunglebin,MM,17.95,96.7333,75.24,97,100,7.43,overcast clouds
320,Borogontsy,RU,62.6683,131.1683,34.97,72,100,8.81,overcast clouds
321,Tabanan,ID,-8.5413,115.1252,81.0,67,48,8.34,scattered clouds
322,Pandaria,IN,22.2333,81.4167,90.18,52,65,4.03,broken clouds
323,Dingalan,PH,15.3897,121.3929,84.87,76,99,7.65,overcast clouds
324,Srednekolymsk,RU,67.45,153.6833,48.69,40,88,14.43,overcast clouds
325,Tual,ID,-5.6667,132.75,81.99,75,78,3.74,broken clouds
326,Leshukonskoye,RU,64.8989,45.7622,48.74,90,80,5.12,broken clouds
327,Hervey Bay,AU,-25.2986,152.8535,77.02,77,11,5.99,few clouds
328,Norden,DE,53.6,7.2,57.94,68,31,1.01,scattered clouds
329,Laguna,US,38.421,-121.4238,66.4,80,100,16.11,overcast clouds
330,Yulara,AU,-25.2406,130.9889,92.75,10,17,15.1,few clouds
331,Warrington,GB,53.3925,-2.5802,54.99,95,20,3.44,few clouds
332,North Platte,US,41.1239,-100.7654,66.38,92,0,8.99,clear sky
333,Moose Factory,CA,51.2585,-80.6094,48.2,66,20,8.05,few clouds
334,Karaton,ID,-6.3424,106.1045,88.29,55,86,1.45,overcast clouds
335,Acarau,BR,-2.8856,-40.12,77.13,83,44,15.26,scattered clouds
336,Hearst,CA,49.6835,-83.6665,53.85,99,100,7.72,light rain
337,Roebourne,AU,-20.7833,117.1333,87.08,22,0,18.41,clear sky
338,Paamiut,GL,61.994,-49.6678,41.4,92,69,0.96,broken clouds
339,Honiara,SB,-9.4333,159.95,81.27,83,100,7.67,overcast clouds
340,Kedrovyy,RU,56.1667,91.8167,59.41,51,84,10.09,broken clouds
341,Atherton,GB,53.5237,-2.4935,53.89,96,27,2.59,scattered clouds
342,Sawtell,AU,-30.3833,153.1,73.18,53,99,14.97,overcast clouds
343,Tambacounda,SN,13.7539,-13.7586,72.25,96,98,4.27,light rain
344,Junnar,IN,19.2,73.8833,77.65,72,73,8.37,broken clouds
345,Portel,BR,-1.9356,-50.8211,72.73,95,30,4.07,scattered clouds
346,Jurado,CO,7.1053,-77.7641,75.33,91,98,2.95,light rain
347,Uribia,CO,11.7139,-72.266,80.83,79,51,7.65,broken clouds
348,Hangu,CN,39.2489,117.7892,77.04,23,23,12.46,few clouds
349,Meulaboh,ID,4.1363,96.1285,85.24,61,76,6.02,broken clouds
350,Bodden Town,KY,19.2833,-81.25,82.92,79,16,5.99,few clouds
351,Kemi,FI,65.8596,24.8228,47.97,87,100,13.8,overcast clouds
352,Nova Soure,BR,-11.2333,-38.4833,65.62,97,3,3.6,clear sky
353,Katsuura,JP,35.1333,140.3,81.39,86,81,22.3,broken clouds
354,Wasilla,US,61.5814,-149.4394,53.69,77,100,0.0,overcast clouds
355,Huilong,CN,31.8111,121.655,74.98,62,0,23.44,clear sky
356,Kudahuvadhoo,MV,2.6708,72.8944,82.27,68,96,7.85,overcast clouds
357,Kemijarvi,FI,66.7131,27.4306,45.93,94,100,9.57,overcast clouds
358,Malangwa,NP,26.8568,85.5581,91.33,62,88,7.81,overcast clouds
359,Oranjestad,AW,12.524,-70.027,81.73,77,77,1.68,broken clouds
360,Surgut,RU,61.25,73.4167,57.38,62,0,22.37,clear sky
361,Lagoa,PT,39.05,-27.9833,72.84,88,7,8.03,clear sky
362,Amahai,ID,-3.3333,128.9167,83.12,72,73,4.27,broken clouds
363,Praya,CV,14.9215,-23.5087,77.54,83,20,12.66,few clouds
364,Boone,US,39.0334,-92.3335,80.78,76,28,11.27,scattered clouds
365,Poum,NC,-20.2333,164.0167,77.23,73,0,11.52,clear sky
366,Sambava,MG,-14.2667,50.1667,75.0,65,15,11.7,few clouds
367,Teknaf,BD,20.8624,92.3058,83.7,83,52,18.57,broken clouds
368,Dali,CN,25.7,100.1833,75.09,67,22,4.29,few clouds
369,Constitucion,CL,-35.3333,-72.4167,43.38,76,5,6.62,clear sky
370,Khani,GE,41.9563,42.9566,69.37,78,54,2.17,broken clouds
371,Wanning,CN,18.8003,110.3967,86.88,67,67,7.09,broken clouds
372,Clyde River,CA,70.4692,-68.5914,35.83,100,100,6.91,light rain
373,Bosaso,SO,11.2842,49.1816,93.18,46,0,8.05,clear sky
374,Omaruru,NA,-21.4333,15.9333,53.56,38,0,6.33,clear sky
375,Cangzhou,CN,38.3167,116.8667,78.31,22,12,10.74,few clouds
376,Vaitape,PF,-16.5167,-151.75,78.42,74,6,17.07,light rain
377,Christchurch,NZ,-43.5333,172.6333,64.6,60,21,3.44,few clouds
378,Ormara,PK,25.2088,64.6357,81.36,76,18,8.75,few clouds
379,Nhulunbuy,AU,-12.2333,136.7667,86.61,62,75,14.97,broken clouds
380,Nouadhibou,MR,20.931,-17.0347,71.58,88,0,16.11,clear sky
381,Sohbatpur,PK,28.5202,68.5434,93.42,35,0,7.61,clear sky
382,Bennington,US,42.8781,-73.1968,67.5,95,100,3.44,mist
383,Ulaanbaatar,MN,47.9077,106.8832,48.33,34,0,4.47,clear sky
384,San Juan,AR,-31.5375,-68.5364,48.56,71,85,13.02,overcast clouds
385,Imbituba,BR,-28.24,-48.6703,57.04,89,100,8.46,overcast clouds
386,Mitu,CO,1.1983,-70.1733,75.22,85,100,1.25,overcast clouds
387,Sosnogorsk,RU,63.6023,53.8817,53.71,69,37,5.17,scattered clouds
388,Samsun,TR,41.25,36.3333,70.99,75,99,5.23,overcast clouds
389,Maamba,ZM,-17.3667,27.15,79.86,25,2,5.23,clear sky
390,Tazovskiy,RU,67.4667,78.7,44.49,94,100,11.25,overcast clouds
391,Jumla,NP,29.2747,82.1838,72.39,68,53,4.76,broken clouds
392,Birao,CF,10.2849,22.7882,75.47,84,9,1.88,clear sky
393,Goderich,CA,43.7501,-81.7165,71.92,83,49,10.36,scattered clouds
394,Malanje,AO,-9.5402,16.341,66.78,74,94,2.64,overcast clouds
395,Jaypur,IN,18.85,82.5833,71.19,94,100,2.82,overcast clouds
396,Benghazi,LY,32.1167,20.0667,78.66,79,0,9.04,clear sky
397,Nyurba,RU,63.2842,118.3319,39.69,70,98,7.9,overcast clouds
398,Bonthe,SL,7.5264,-12.505,73.96,90,73,4.27,light rain
399,Balykshi,KZ,47.0667,51.8667,80.6,24,0,20.13,clear sky
400,Tergnier,FR,49.6561,3.3011,49.6,80,91,3.27,overcast clouds
401,Nabire,ID,-3.3667,135.4833,85.51,66,58,5.61,broken clouds
402,Kualakapuas,ID,-3.0091,114.3876,88.23,61,95,1.79,overcast clouds
403,Kyabe,TD,9.4515,18.9449,73.2,91,33,3.2,scattered clouds
404,Necochea,AR,-38.5473,-58.7368,51.15,97,100,9.64,overcast clouds
405,Kokstad,ZA,-30.5472,29.4241,53.65,86,95,4.63,overcast clouds
406,Gasa,PS,31.5,34.4667,80.89,64,72,6.2,broken clouds
407,Leh,IN,34.1667,77.5833,60.91,19,0,4.59,clear sky
408,Margherita,IN,27.2833,95.6833,92.55,62,10,2.62,clear sky
409,Las Varas,MX,21.1667,-105.1667,78.75,92,100,2.26,overcast clouds
410,Iqaluit,CA,63.7506,-68.5145,38.93,86,75,2.3,broken clouds
411,Nalut,LY,30.3333,10.85,82.24,14,0,9.26,clear sky
412,Shingu,JP,33.7333,135.9833,79.43,93,100,20.09,heavy intensity rain
413,Roald,NO,62.5833,6.1333,49.75,76,75,9.22,broken clouds
414,Raudeberg,NO,61.9875,5.1352,47.07,70,51,19.28,broken clouds
415,Fayaoue,NC,-20.65,166.5333,76.68,76,0,14.14,clear sky
416,Belmonte,BR,-15.8631,-38.8828,70.36,81,96,7.23,overcast clouds
417,Kamaishi,JP,39.2667,141.8833,76.5,94,100,18.72,overcast clouds
418,Samarai,PG,-10.6167,150.6667,81.03,83,100,15.17,overcast clouds
419,Kanigiri,IN,15.4,79.5167,88.99,51,100,12.88,overcast clouds
420,Praia Da Vitoria,PT,38.7333,-27.0667,73.65,94,40,7.72,scattered clouds
421,Zhanaozen,KZ,43.3,52.8,78.94,18,0,17.36,clear sky
422,Seddon,AU,-37.8068,144.8916,61.02,67,75,11.5,broken clouds
423,Ponta Delgada,PT,37.7333,-25.6667,70.52,88,40,2.3,scattered clouds
424,Bilma,NE,18.6853,12.9164,87.06,41,32,6.53,scattered clouds
425,Walvis Bay,NA,-22.9575,14.5053,45.55,81,0,4.61,clear sky
426,Guerrero Negro,MX,27.9769,-114.0611,68.45,81,0,14.92,clear sky
427,Itarema,BR,-2.9248,-39.9167,77.18,83,25,15.05,scattered clouds
428,Heihe,CN,50.2441,127.4902,37.98,68,100,22.57,overcast clouds
429,Gao,ML,16.6362,1.637,82.92,49,92,6.53,overcast clouds
430,Mayskiy,RU,47.6931,40.1025,54.81,55,100,11.1,overcast clouds
431,Umm Kaddadah,SD,13.6017,26.6876,84.2,49,38,9.44,scattered clouds
432,Oussouye,SN,12.485,-16.5469,75.43,90,97,3.09,moderate rain
433,Almeirim,BR,-1.5233,-52.5817,75.11,82,61,5.17,broken clouds
434,Great Falls,US,47.5002,-111.3008,56.41,93,100,11.5,overcast clouds
435,Akdepe,TM,42.0551,59.3788,80.69,14,4,12.41,clear sky
436,Provideniya,RU,64.3833,-173.3,41.36,100,100,7.0,fog
437,Manono,CD,-7.3,27.4167,74.59,71,100,2.84,overcast clouds
438,Seybaplaya,MX,19.65,-90.6667,80.02,74,42,12.15,scattered clouds
439,Greenwood,US,34.1668,-82.1165,67.28,57,0,0.0,clear sky
440,Maebaru,JP,33.55,130.2,76.66,93,100,28.95,overcast clouds
441,Changji,CN,44.0167,87.3167,74.19,20,0,4.47,clear sky
442,Wanlaweyn,SO,2.6185,44.8938,82.72,63,55,14.94,broken clouds
443,Puerto Madero,MX,14.7208,-92.4215,78.03,86,99,5.97,overcast clouds
444,Birin,NP,26.8865,88.0718,73.99,75,28,5.7,scattered clouds
445,Port-Cartier,CA,50.0334,-66.8654,44.28,69,2,6.15,clear sky
446,Launceston,AU,-41.45,147.1667,62.62,48,40,12.66,scattered clouds
447,Prainha,BR,-1.8,-53.48,74.86,75,32,4.43,scattered clouds
448,Kupang,ID,-10.1667,123.5833,90.18,58,20,10.36,few clouds
449,Malibu,US,34.005,-118.8101,68.56,87,0,1.99,clear sky
450,Rio Grande,BR,-32.035,-52.0986,58.95,88,100,18.79,light rain
451,Rawson,AR,-43.3002,-65.1023,43.18,78,100,18.1,light rain
452,Arica,CL,-18.475,-70.3042,59.23,82,100,4.61,overcast clouds
453,Shieli,KZ,44.1667,66.75,82.81,14,0,15.52,clear sky
454,Tuatapere,NZ,-46.1333,167.6833,55.6,71,69,5.39,broken clouds
455,Pochutla,MX,15.7432,-96.4661,72.82,90,100,3.96,overcast clouds
456,Zambezi,ZM,-13.5432,23.1047,73.27,60,45,9.4,scattered clouds
457,Dehloran,IR,32.6941,47.2679,97.2,9,0,5.59,clear sky
458,Logresti,RO,44.9,23.7,50.41,62,37,1.28,scattered clouds
459,Hailar,CN,49.2,119.7,50.09,17,0,16.8,clear sky
460,Yar-Sale,RU,66.8333,70.8333,50.45,72,98,12.55,overcast clouds
461,Mananara,MG,-16.1667,49.7667,75.25,65,44,5.97,scattered clouds
462,Champerico,GT,14.3,-91.9167,77.38,87,97,7.47,overcast clouds
463,Eutin,DE,54.1333,10.6167,52.97,92,28,10.0,scattered clouds
464,North Bend,US,43.4065,-124.2243,60.85,88,75,4.61,broken clouds
465,Lumphat,KH,13.4878,106.9816,80.47,91,100,4.63,overcast clouds
466,Mandalgovi,MN,45.7625,106.2708,50.94,24,0,3.24,clear sky
467,Chupa,RU,66.27,33.0549,48.24,95,97,6.53,overcast clouds
468,Ola,RU,59.5833,151.2833,55.15,52,99,17.74,overcast clouds
469,Nsanje,MW,-16.92,35.262,84.51,36,0,2.89,clear sky
470,Yenagoa,NG,4.9247,6.2642,74.12,93,99,3.6,overcast clouds
471,Ust-Nera,RU,64.5667,143.2,40.98,73,100,3.09,overcast clouds
472,Pontianak,ID,-0.0333,109.3333,85.98,74,75,4.61,light rain
473,Tongliao,CN,43.6125,122.2653,67.77,23,0,21.25,clear sky
474,Basco,PH,20.4487,121.9702,83.79,72,100,15.97,overcast clouds
475,Abilene,US,32.4487,-99.7331,80.82,53,0,10.36,clear sky
476,Faya,SA,18.3851,42.4509,73.92,40,77,1.74,broken clouds
477,Pacific Grove,US,36.6177,-121.9166,62.35,92,100,13.0,heavy intensity rain
478,Sistranda,NO,63.7256,8.834,49.96,75,93,19.42,overcast clouds
479,Quimper,FR,48.0,-4.1,52.36,93,0,6.91,clear sky
480,Haverfordwest,GB,51.8017,-4.9691,44.19,82,21,3.71,few clouds
481,Skiathos,GR,39.1623,23.4909,68.16,56,40,8.05,scattered clouds
482,Kargasok,RU,59.0556,80.8572,57.7,71,96,14.7,overcast clouds
483,Huarmey,PE,-10.0681,-78.1522,61.65,87,78,8.21,broken clouds
484,Horsham,GB,51.064,-0.3272,53.73,91,75,4.61,broken clouds
485,Biak,ID,-0.9131,122.8766,82.53,71,83,4.25,broken clouds
486,Smyrna,US,33.884,-84.5144,68.05,85,0,3.44,clear sky
487,Sur,OM,22.5667,59.5289,88.45,58,4,2.04,clear sky
488,Javanrud,IR,34.7961,46.5172,82.42,14,2,3.65,clear sky
489,Fulton,US,33.7668,-84.4499,68.09,75,0,0.0,clear sky
490,Coquimbo,CL,-29.9533,-71.3436,47.93,93,0,3.44,clear sky
491,Isla Vista,US,34.4133,-119.861,66.56,87,1,1.01,clear sky
492,Baculin,PH,7.4525,126.5842,84.9,72,100,10.07,overcast clouds
493,Sao Domingos,BR,-13.3983,-46.3183,72.28,65,49,8.59,scattered clouds
494,Aksarka,RU,66.5606,67.7975,53.65,65,63,7.87,broken clouds
495,Boa Vista,BR,2.8197,-60.6733,76.98,83,0,3.44,clear sky
496,San Policarpo,PH,12.1791,125.5072,87.31,64,100,9.6,light rain
497,Maningrida,AU,-12.0667,134.2667,86.52,60,100,12.12,overcast clouds
498,Obihiro,JP,42.9172,143.2044,71.01,98,100,3.02,moderate rain
499,Sorong,ID,-0.8833,131.25,83.08,71,94,2.71,overcast clouds
500,Ndola,ZM,-12.9587,28.6366,72.68,31,19,7.96,few clouds
501,Itoman,JP,26.1247,127.6694,86.77,73,75,14.97,broken clouds
502,Kimbe,PG,-5.5502,150.1429,78.98,86,98,4.38,moderate rain
503,Aklavik,CA,68.2191,-135.0107,46.71,69,95,6.69,overcast clouds
504,Angoche,MZ,-16.2325,39.9086,80.13,57,1,8.88,clear sky
505,Mae Hong Son,TH,19.3003,97.9685,82.54,69,75,8.05,broken clouds
506,Vilkaviskis,LT,54.6517,23.0322,48.07,92,100,7.16,overcast clouds
507,Tocopilla,CL,-22.092,-70.1979,60.6,66,17,3.38,few clouds
508,Nuuk,GL,64.1835,-51.7216,45.88,87,86,5.01,overcast clouds
509,Kyshtovka,RU,56.555,76.6271,61.74,40,100,13.69,overcast clouds
510,Camana,PE,-16.6228,-72.7111,59.56,86,67,9.48,broken clouds
511,Kiama,AU,-34.6833,150.8667,66.45,44,61,5.23,broken clouds
512,Sal Rei,CV,16.1833,-22.9167,78.48,76,97,13.47,overcast clouds
513,Dhangadhi,NP,28.7079,80.5961,89.62,60,47,2.91,scattered clouds
514,Vila Franca Do Campo,PT,37.7167,-25.4333,70.21,92,93,4.94,overcast clouds
515,Micheweni,TZ,-4.9667,39.8333,79.54,72,11,10.33,few clouds
516,Shirokiy,RU,49.758,129.523,40.5,64,99,20.62,overcast clouds
517,Dahra,DZ,36.2546,0.8519,70.99,93,61,4.25,broken clouds
518,Calama,CL,-22.4667,-68.9333,36.09,27,4,16.11,clear sky
519,Carutapera,BR,-1.195,-46.02,75.92,85,93,6.33,overcast clouds
520,Borgarnes,IS,64.5383,-21.9206,50.05,87,100,5.08,overcast clouds
521,Evensk,RU,61.95,159.2333,46.56,51,47,3.29,scattered clouds
522,Onguday,RU,50.75,86.15,65.01,34,0,2.3,clear sky
523,Newport,GB,51.5877,-2.9984,54.14,85,3,3.13,clear sky
524,Anzio,IT,41.4853,12.6179,67.01,53,1,8.55,clear sky
525,Vigrestad,NO,58.5667,5.7,50.59,76,9,18.84,clear sky
526,Nemuro,JP,43.3236,145.575,66.0,99,100,12.03,light rain
527,Cuiluan,CN,47.72,128.648,47.53,29,68,17.31,broken clouds
528,Sidi Ali,DZ,36.0998,0.4206,70.92,89,39,7.11,scattered clouds
529,Ngunguru,NZ,-35.6167,174.5,60.57,92,100,19.93,light rain
530,Otane,NZ,-39.8833,176.6333,60.01,81,88,7.87,light rain
531,Miles City,US,46.4083,-105.8406,66.15,49,64,4.56,broken clouds
532,Oriximina,BR,-1.7656,-55.8661,79.43,60,55,2.95,broken clouds
533,Dymer,UA,50.7865,30.3026,52.95,86,100,20.38,overcast clouds
534,Nouakchott,MR,18.0858,-15.9785,80.15,63,83,13.6,broken clouds
535,Auka,HN,14.9333,-83.8333,74.79,96,97,0.89,overcast clouds
536,Trairi,BR,-3.2778,-39.2689,77.34,82,80,12.68,broken clouds
537,Kismayo,SO,-0.3582,42.5454,80.38,74,76,11.65,broken clouds
538,Paita,PE,-5.0892,-81.1144,63.46,90,8,8.37,clear sky
539,Batemans Bay,AU,-35.7167,150.1833,64.09,50,73,6.73,broken clouds
540,Forestville,US,38.8451,-76.875,72.23,86,20,5.75,few clouds
541,Tiruchchendur,IN,8.4833,78.1167,91.69,63,100,6.22,overcast clouds
542,Ratnagiri,IN,16.9833,73.3,81.99,70,100,7.14,overcast clouds
543,Thinadhoo,MV,0.5333,72.9333,82.58,72,25,7.61,scattered clouds
544,Rundu,NA,-17.9333,19.7667,71.94,21,6,8.55,clear sky
545,Zhigansk,RU,66.7697,123.3711,35.89,64,98,9.28,overcast clouds
546,Upington,ZA,-28.4478,21.2561,48.58,53,40,12.66,scattered clouds
547,Monrovia,LR,6.3005,-10.7969,75.51,82,93,5.99,overcast clouds
548,Palmer,US,42.1584,-72.3287,69.49,84,100,5.75,overcast clouds
549,Rongcheng,CN,30.634,117.8517,84.67,37,40,9.89,scattered clouds
550,Krasnoarmeysk,RU,51.0239,45.6969,72.99,57,89,19.13,overcast clouds
551,Itamaraju,BR,-17.0392,-39.5311,65.01,87,93,2.13,overcast clouds
552,Kilindoni,TZ,-7.9139,39.6668,77.27,72,59,11.12,broken clouds
553,San Jose,US,37.3394,-121.895,63.79,90,75,7.0,mist
554,Benjamin Constant,BR,-4.3831,-70.0311,75.33,72,100,1.54,overcast clouds
555,Narsaq,GL,60.9167,-46.05,46.62,64,95,6.64,overcast clouds
556,Puerto Princesa,PH,9.7392,118.7353,87.78,70,40,9.22,scattered clouds
557,Adrar,MR,20.5022,-10.0711,81.52,32,23,9.08,few clouds
558,Zhanakorgan,KZ,43.9098,67.2495,83.5,14,0,5.97,clear sky
559,Wencheng,CN,33.0559,113.7978,87.31,21,46,12.19,scattered clouds
560,Vardo,NO,70.3705,31.1107,45.84,94,100,21.16,overcast clouds
561,Botou,CN,38.0667,116.5667,79.9,22,8,11.68,clear sky
562,Rosarito,MX,32.3333,-117.0333,65.37,74,0,7.94,clear sky
563,Sing Buri,TH,14.85,100.2333,75.36,91,100,10.74,overcast clouds
564,Shiraoi,JP,42.55,141.35,73.58,96,100,4.12,moderate rain
565,Zunyi,CN,27.6867,106.9072,81.64,62,45,11.12,scattered clouds
566,Borger,NL,52.9233,6.7931,53.8,92,80,12.71,broken clouds
567,Ossora,RU,59.2353,163.0719,48.61,61,19,8.03,few clouds
568,Talnakh,RU,69.4865,88.3972,36.21,100,100,2.42,overcast clouds
569,Porto Walter,BR,-8.2686,-72.7439,76.24,63,51,1.48,broken clouds
570,Saint-Francois,FR,46.4154,3.9054,39.67,100,0,1.14,fog
571,Chateauroux,FR,46.8167,1.7,41.0,93,0,3.44,clear sky
572,Romilly-Sur-Seine,FR,48.5108,3.7263,43.18,87,78,4.56,broken clouds
573,Chirongui,YT,-12.9319,45.1483,80.53,76,2,4.27,clear sky
574,Mehriz,IR,31.5917,54.4318,79.3,15,5,3.22,clear sky
575,Ulaangom,MN,49.9811,92.0667,61.56,31,0,6.96,clear sky
576,Arti,RU,56.4234,58.5328,67.41,65,98,13.11,overcast clouds
577,Tias,ES,28.9611,-13.645,69.48,88,20,3.44,few clouds
578,Zaragoza,ES,41.6561,-0.8773,64.85,84,0,5.75,clear sky
579,Afyonkarahisar,TR,38.75,30.6667,63.46,69,8,4.23,clear sky
580,George,ZA,-33.963,22.4617,49.55,93,75,4.61,broken clouds
581,Devils Lake,US,48.1128,-98.8651,56.95,89,50,2.95,scattered clouds
582,Hovd,MN,48.0056,91.6419,56.39,25,0,4.5,clear sky
583,Pacifica,US,37.6138,-122.4869,64.13,90,100,13.8,mist
584,San Agustin,MX,20.5333,-103.4667,59.34,96,97,2.64,overcast clouds
585,Domoni,KM,-12.2569,44.5319,77.47,76,18,5.53,few clouds
586,Xining,CN,36.6167,101.7667,53.02,91,100,3.6,overcast clouds
587,Hambantota,LK,6.1241,81.1185,89.94,66,40,13.8,scattered clouds
588,Almaznyy,RU,48.0448,40.045,57.72,52,95,12.44,overcast clouds
589,Tananger,NO,58.9333,5.6,50.92,86,0,6.91,clear sky
590,Catia La Mar,VE,10.6038,-67.0303,79.0,83,40,4.61,scattered clouds
591,San Felipe,VE,10.3399,-68.7425,70.95,97,85,2.66,overcast clouds
592,Severo-Yeniseyskiy,RU,60.3725,93.0408,42.15,95,100,13.13,light rain
593,Gayny,RU,60.3071,54.3241,49.98,96,100,9.13,light rain
594,Yakymivka,UA,46.6897,35.1536,60.39,47,0,9.48,clear sky
595,Andenes,NO,69.3143,16.1194,46.38,81,75,26.46,light intensity drizzle
596,Mizdah,LY,31.4451,12.9801,74.21,57,0,4.43,clear sky
597,Acobamba,PE,-11.3525,-75.6594,52.2,86,88,0.74,overcast clouds
598,Saryg-Sep,RU,51.5,95.6,62.62,32,0,3.51,clear sky
599,Asuncion,PY,-25.3007,-57.6359,78.24,47,100,9.22,thunderstorm
600,Kurush,RU,41.2841,47.8345,63.97,30,0,1.9,clear sky
601,Mbini,GQ,1.574,9.6134,75.11,89,98,8.19,light rain
602,Lang Son,VN,21.8333,106.7333,91.69,47,69,3.58,broken clouds
603,Olafsvik,IS,64.8945,-23.7142,49.84,93,100,14.41,moderate rain
604,Osa,RU,57.2829,55.4567,67.01,77,95,13.85,overcast clouds
605,Flinders,AU,-34.5833,150.8552,68.38,42,55,5.93,broken clouds
606,Makakilo City,US,21.3469,-158.0858,79.12,71,0,3.44,clear sky
607,Wickede,DE,51.4833,7.8667,49.75,93,75,6.91,broken clouds
608,Mackay,AU,-21.15,149.2,82.69,78,27,12.12,scattered clouds
609,Vangaindrano,MG,-23.35,47.6,71.37,78,9,3.78,clear sky
610,Sorland,NO,67.667,12.6934,48.06,68,100,29.24,overcast clouds
611,Vrnjacka Banja,RS,43.6167,20.9,38.43,59,8,4.12,clear sky
612,San Rafael,AR,-34.6177,-68.3301,42.6,77,93,7.78,overcast clouds
613,Edd,ER,13.9297,41.6925,92.66,54,89,4.47,overcast clouds
614,Paine,CL,-33.8167,-70.75,53.71,91,29,3.49,scattered clouds
615,Vestmannaeyjar,IS,63.4427,-20.2734,51.55,85,100,28.14,overcast clouds
616,Nizwa,OM,22.9333,57.5333,92.17,34,2,4.72,clear sky
617,Kangaatsiaq,GL,68.3065,-53.4641,39.96,90,85,6.89,overcast clouds
618,Vysha,RU,53.8477,42.3777,65.73,79,99,14.83,overcast clouds
619,Ust-Ishim,RU,57.6935,71.1665,64.47,53,96,5.68,overcast clouds
620,Gulkevichi,RU,45.3538,40.6946,65.79,55,80,10.63,light rain
621,Beringovskiy,RU,63.05,179.3167,39.79,74,99,14.14,overcast clouds
622,Sakakah,SA,29.9697,40.2064,78.37,17,0,6.17,clear sky
623,Ergani,TR,38.2653,39.7621,81.43,21,0,3.53,clear sky
624,Peterhead,GB,57.5058,-1.7981,42.51,75,23,8.75,few clouds
625,Marzuq,YE,14.4,46.4667,89.26,19,9,5.26,clear sky
626,Progreso,MX,21.2833,-89.6667,79.11,90,0,9.06,clear sky
627,Rottingdean,GB,50.8098,-0.0594,53.19,89,66,1.01,broken clouds
628,Binzhou,CN,37.3667,118.0167,74.41,34,2,16.17,clear sky
629,Marsh Harbour,BS,26.5412,-77.0636,83.01,70,6,10.78,clear sky
630,Mankono,CI,8.0586,-6.1897,68.05,98,100,1.88,overcast clouds
631,Jardim,BR,-21.4803,-56.1381,76.5,44,16,6.24,few clouds
632,Kasane,BW,-17.8167,25.15,75.29,25,0,8.05,clear sky
633,Fort Nelson,CA,58.8053,-122.7002,49.59,66,100,5.75,overcast clouds
634,Yeniseysk,RU,58.4497,92.1703,51.06,76,100,5.79,light rain
635,Amapa,BR,1.0,-52.0,67.5,98,50,0.87,scattered clouds
636,Yatou,CN,37.15,122.3833,66.76,57,1,28.61,clear sky
637,Husavik,IS,66.0449,-17.3389,49.41,77,91,10.76,overcast clouds
638,Gigmoto,PH,13.7796,124.39,87.28,67,100,12.62,light rain
639,Sint Anthonis,NL,51.6267,5.8819,51.89,91,40,5.75,scattered clouds
640,Ostrovnoy,RU,68.0531,39.5131,49.19,95,100,7.72,light rain
641,Zhezkazgan,KZ,47.8043,67.7144,67.98,19,0,13.42,clear sky
642,East Wenatchee Bench,US,47.4257,-120.2812,63.59,53,0,8.05,clear sky
643,Stratford,US,41.1845,-73.1332,74.14,77,89,1.01,overcast clouds
644,Mabaruma,GY,8.2,-59.7833,73.85,92,60,2.35,broken clouds
645,Bose,IT,45.4612,8.0137,55.76,65,0,4.27,clear sky
646,Brae,GB,60.3964,-1.353,47.37,67,55,8.1,broken clouds
647,Halifax,CA,44.6453,-63.5724,51.8,91,100,5.75,overcast clouds
648,Chimbote,PE,-9.0853,-78.5783,61.27,88,87,8.63,overcast clouds
649,Anuppur,IN,23.1,81.6833,85.17,65,46,7.54,scattered clouds
650,Bahia De Caraquez,EC,-0.6,-80.4167,69.98,84,99,8.25,overcast clouds
651,Timiryazevskiy,RU,56.49,84.8769,59.95,51,100,10.49,overcast clouds
652,Bubaque,GW,11.2833,-15.8333,79.2,82,100,12.53,moderate rain
653,Victor Harbor,AU,-35.5667,138.6167,62.67,62,1,2.35,clear sky
654,Gat,IL,31.61,34.7642,79.48,100,47,6.42,scattered clouds
655,Macomb,US,40.4592,-90.6718,73.45,92,75,8.05,broken clouds
656,Estelle,US,29.8458,-90.1067,81.0,82,1,3.0,clear sky
657,Novobirilyussy,RU,56.9514,90.6661,56.98,51,90,10.98,overcast clouds
658,Jalu,LY,29.0331,21.5482,81.73,37,0,5.17,clear sky
659,Petropavlovsk-Kamchatskiy,RU,53.0452,158.6483,50.59,66,40,13.42,scattered clouds
660,Walla Walla,US,46.0646,-118.343,58.53,77,66,1.99,broken clouds
661,Fairview,US,40.8126,-73.999,74.3,66,0,10.36,clear sky
662,Baherden,TM,38.4362,57.4316,83.73,19,0,7.65,clear sky
663,Lasa,IT,46.6166,10.7002,43.36,87,60,7.49,broken clouds
664,Tessalit,ML,20.1986,1.0114,87.67,35,87,10.63,overcast clouds
665,Ngama,TD,11.7833,17.1667,75.47,81,15,4.34,few clouds
666,Taseyevo,RU,57.2169,94.8978,59.38,48,93,9.04,overcast clouds
667,Toropets,RU,56.4978,31.6353,47.79,96,100,12.8,overcast clouds
668,Dubrovka,RU,53.6907,33.5071,45.64,92,100,24.79,light rain
669,West Bay,KY,19.3667,-81.4167,82.99,82,12,1.99,few clouds
670,Vallenar,CL,-28.5708,-70.7581,54.25,57,0,0.72,clear sky
671,Bozoum,CF,6.3193,16.3799,69.3,97,96,2.17,light rain
